{"cameraMode":{"drawMode":0,"name":"Shaded","section":"Shading Mode"},"sceneLighting":false,"audioPlay":false,"sceneViewState":{"m_AlwaysRefresh":false,"showFog":true,"showSkybox":false,"showFlares":true,"showImageEffects":true,"showParticleSystems":true,"showVisualEffectGraphs":true,"m_FxEnabled":true},"in2DMode":false,"pivot":{"x":-1.9699723720550538,"y":0.0232061930000782,"z":49.946617126464847},"rotation":{"x":0.27769774198532107,"y":0.004322771914303303,"z":-0.0012498240685090423,"w":0.9606637358665466},"size":0.8969060778617859,"orthographic":true}