{"cameraMode":{"drawMode":0,"name":"Shaded","section":"Shading Mode"},"sceneLighting":false,"audioPlay":false,"sceneViewState":{"m_AlwaysRefresh":false,"showFog":true,"showSkybox":false,"showFlares":true,"showImageEffects":true,"showParticleSystems":true,"showVisualEffectGraphs":true,"m_FxEnabled":true},"in2DMode":false,"pivot":{"x":2.4760000705718996,"y":-4.349503040313721,"z":8.932999610900879},"rotation":{"x":-0.06981684267520905,"y":0.9295253753662109,"z":-0.2372458130121231,"w":-0.27354323863983157},"size":0.43272721767425539,"orthographic":true}