{"cameraMode":{"drawMode":0,"name":"Shaded","section":"Shading Mode"},"sceneLighting":false,"audioPlay":false,"sceneViewState":{"m_AlwaysRefresh":false,"showFog":true,"showSkybox":false,"showFlares":true,"showImageEffects":true,"showParticleSystems":true,"showVisualEffectGraphs":true,"m_FxEnabled":true},"in2DMode":false,"pivot":{"x":0.08790016174316406,"y":13.286066055297852,"z":-0.04065895080566406},"rotation":{"x":0.16830821335315705,"y":0.6266269087791443,"z":-0.14104533195495606,"w":0.7477432489395142},"size":19.36475944519043,"orthographic":true}