{"cameraMode":{"drawMode":0,"name":"Shaded","section":"Shading Mode"},"sceneLighting":false,"audioPlay":false,"sceneViewState":{"m_AlwaysRefresh":false,"showFog":true,"showSkybox":false,"showFlares":true,"showImageEffects":true,"showParticleSystems":true,"showVisualEffectGraphs":true,"m_FxEnabled":true},"in2DMode":false,"pivot":{"x":0.03241482377052307,"y":-0.007908806204795838,"z":-0.47592437267303469},"rotation":{"x":-0.7070997953414917,"y":4.336294239237759e-7,"z":-1.6890258791590896e-7,"w":-0.707114040851593},"size":3.273508310317993,"orthographic":true}