{"cameraMode":{"drawMode":0,"name":"Shaded","section":"Shading Mode"},"sceneLighting":false,"audioPlay":false,"sceneViewState":{"m_AlwaysRefresh":false,"showFog":true,"showSkybox":false,"showFlares":true,"showImageEffects":true,"showParticleSystems":true,"showVisualEffectGraphs":true,"m_FxEnabled":true},"in2DMode":false,"pivot":{"x":1.807854413986206,"y":2.4573845863342287,"z":0.1792386770248413},"rotation":{"x":-0.5386225581169128,"y":0.004294722806662321,"z":-0.0027454195078462364,"w":-0.842531681060791},"size":0.8544005155563355,"orthographic":false}